alpha,beta,total_ord_inf,total_mis_inf,total
0.5,0.1,0.004315916867975571,0.013811618261122179,0.01812753512909775
0.55,0.1,0.005246075360991779,0.018344488815118614,0.02359056417611039
0.6000000000000001,0.1,0.006596883579826483,0.02559608142830367,0.03219296500813015
0.6500000000000001,0.1,0.008557546936284653,0.03749185454666357,0.04604940148294822
0.7000000000000002,0.1,0.011295553340145849,0.05692605544523841,0.06822160878538426
0.7500000000000002,0.1,0.014714009960356867,0.08694593830481798,0.10165994826517484
0.8000000000000003,0.1,0.01802207064954929,0.1278838080455152,0.1459058786950645
0.8500000000000003,0.1,0.019589720526433117,0.17457811482582908,0.1941678353522622
0.9000000000000004,0.1,0.017674284243691475,0.21924362867303104,0.2369179129167225
0.9500000000000004,0.1,0.011276689100904529,0.2574988347606356,0.26877552386154013
1.0000000000000004,0.1,0.0,0.28942563796794535,0.28942563796794535
0.5,0.11,0.011984871980127432,0.03603464631326219,0.04801951829338962
0.55,0.11,0.01523841009660071,0.050004094788723134,0.06524250488532385
0.6000000000000001,0.11,0.01964372333728826,0.07101192406303039,0.09065564740031865
0.6500000000000001,0.11,0.02516282586808652,0.10100412766604382,0.12616695353413032
0.7000000000000002,0.11,0.031084722646339602,0.13961026563150186,0.17069498827784146
0.7500000000000002,0.11,0.035856680660524734,0.18256872393322435,0.2184254045937491
0.8000000000000003,0.11,0.0376754089367652,0.22375949805818796,0.26143490699495314
0.8500000000000003,0.11,0.035374232469668476,0.25938603739937033,0.2947602698690388
0.9000000000000004,0.11,0.02855172371393088,0.2891870624984432,0.3177387862123741
0.9500000000000004,0.11,0.01698634042893763,0.31465507964563716,0.3316414200745748
1.0000000000000004,0.11,0.0,0.33737183658825076,0.33737183658825076
0.5,0.12,0.03312812543946913,0.09379085816297596,0.12691898360244508
0.55,0.12,0.040420640073995436,0.12293461254251367,0.1633552526165091
0.6000000000000001,0.12,0.048164993092657926,0.15788216580705716,0.2060471588997151
0.6500000000000001,0.12,0.0550482074839286,0.19552061433097592,0.25056882181490453
0.7000000000000002,0.12,0.05953952912140671,0.23174881361970345,0.29128834274111015
0.7500000000000002,0.12,0.060527297868580326,0.2637243960857277,0.324251693954308
0.8000000000000003,0.12,0.0575614551039209,0.29086143675697307,0.348422891860894
0.8500000000000003,0.12,0.05054847695803543,0.3140681182537715,0.36461659521180695
0.9000000000000004,0.12,0.03927612770771653,0.3346052686705674,0.37388139637828394
0.9500000000000004,0.12,0.02300898834495354,0.3534907632522755,0.37649975159722904
1.0000000000000004,0.12,0.0,0.37141838686089085,0.37141838686089085
0.5,0.13,0.07135114297516595,0.1857814267081676,0.25713256968333353
0.55,0.13,0.07876708279628175,0.21678786345923276,0.2955549462555145
0.6000000000000001,0.13,0.08425723715071373,0.2465907523541362,0.33084798950484995
0.6500000000000001,0.13,0.08700541468297579,0.27351163711927395,0.36051705180224974
0.7000000000000002,0.13,0.08659411543383301,0.2969785901804237,0.3835727056142567
0.7500000000000002,0.13,0.08291154771642417,0.3173546041381088,0.40026615185453296
0.8000000000000003,0.13,0.07590189718874948,0.33541914288472857,0.41132104007347803
0.8500000000000003,0.13,0.06530724856610497,0.3519420203633619,0.4172492689294669
0.9000000000000004,0.13,0.05042602262719832,0.36750423335948035,0.41793025598667866
0.9500000000000004,0.13,0.029745979884067807,0.38250405825269446,0.41225003813676225
1.0000000000000004,0.13,0.0,0.3972594343427477,0.3972594343427477
0.5,0.13999999999999999,0.11270125503735048,0.2686561774281144,0.38135743246546483
0.55,0.13999999999999999,0.1155710968478419,0.2896217414000174,0.4051928382478593
0.6000000000000001,0.13999999999999999,0.11617473957646852,0.30851877721291926,0.42469351678938777
0.6500000000000001,0.13999999999999999,0.11437386671596994,0.32541414433115745,0.4397880110471274
0.7000000000000002,0.13999999999999999,0.11010264371983025,0.34065090031872475,0.450753544038555
0.7500000000000002,0.13999999999999999,0.10324712079870146,0.35466580270244363,0.4579129235011451
0.8000000000000003,0.13999999999999999,0.0935186539068469,0.367855928922981,0.4613745828298279
0.8500000000000003,0.13999999999999999,0.08030717548390041,0.3805230013121267,0.4608301767960271
0.9000000000000004,0.13999999999999999,0.0624297172559545,0.3928803815517162,0.4553100988076707
0.9500000000000004,0.13999999999999999,0.03751431276156327,0.4051008387920101,0.44261515155357334
1.0000000000000004,0.13999999999999999,0.0,0.41741554856094887,0.41741554856094887
0.5,0.14999999999999997,0.14653392048200706,0.3246873841291638,0.47122130461117084
0.55,0.14999999999999997,0.14537728763824784,0.337823331962436,0.48320061960068383
0.6000000000000001,0.14999999999999997,0.14253372530323682,0.3500169875677308,0.49255071287096763
0.6500000000000001,0.14999999999999997,0.13790320385520666,0.3614408977912726,0.49934410164647924
0.7000000000000002,0.14999999999999997,0.1313262885642858,0.37229096941446077,0.5036172579787466
0.7500000000000002,0.14999999999999997,0.12251928395038657,0.38274608400960336,0.5052653679599899
0.8000000000000003,0.14999999999999997,0.11098423949291078,0.39294824675938156,0.5039324862522924
0.8500000000000003,0.14999999999999997,0.09584933347761071,0.4030029958898441,0.4988523293674548
0.9000000000000004,0.14999999999999997,0.07550879151855933,0.41299667378158034,0.48850546530013966
0.9500000000000004,0.14999999999999997,0.04660133147334489,0.42303537238607597,0.46963670385942086
1.0000000000000004,0.14999999999999997,0.0,0.43335707969589643,0.43335707969589643
0.5,0.15999999999999998,0.1734917077777633,0.36237871643633646,0.5358704242140997
0.55,0.15999999999999998,0.17003815739113268,0.3713212280221652,0.5413593854132979
0.6000000000000001,0.15999999999999998,0.1652970119638413,0.37996353132452027,0.5452605432883616
0.6500000000000001,0.15999999999999998,0.15910137506214406,0.3883789530625523,0.5474803281246964
0.7000000000000002,0.15999999999999998,0.1512006555025621,0.396637733348293,0.5478383888508551
0.7500000000000002,0.15999999999999998,0.14120594838727923,0.40479961536004705,0.5460055637473262
0.8000000000000003,0.15999999999999998,0.12849386163508295,0.4129123699628381,0.541406231597921
0.8500000000000003,0.15999999999999998,0.1120074969787621,0.42101653224377084,0.5330240292225329
0.9000000000000004,0.15999999999999998,0.0897633250452807,0.42915835375930506,0.5189216788045857
0.9500000000000004,0.15999999999999998,0.05728881104700751,0.43742399222581446,0.49471280327282197
1.0000000000000004,0.15999999999999998,0.0,0.44607913812881056,0.44607913812881056
0.5,0.16999999999999998,0.19620609672617506,0.38971974113595875,0.5859258378621338
0.55,0.16999999999999998,0.1915612579526079,0.39634594033047793,0.5879071982830858
0.6000000000000001,0.16999999999999998,0.18581997215718604,0.4029116480515507,0.5887316202087367
0.6500000000000001,0.16999999999999998,0.17877700575065877,0.4094399353431313,0.5882169410937901
0.7000000000000002,0.16999999999999998,0.17013782812253198,0.4159525459216294,0.5860903740441614
0.7500000000000002,0.16999999999999998,0.15946222922591582,0.42246897675367784,0.5819312059795937
0.8000000000000003,0.16999999999999998,0.14605633677072002,0.42900746299761,0.57506379976833
0.8500000000000003,0.16999999999999998,0.12873568452839132,0.4355886567053962,0.5643243412337875
0.9000000000000004,0.16999999999999998,0.10520024035035745,0.4422452806454389,0.5474455209957964
0.9500000000000004,0.16999999999999998,0.06983445478209875,0.4490532384242602,0.518887693206359
1.0000000000000004,0.16999999999999998,0.0,0.45629944260951794,0.45629944260951794
0.5,0.17999999999999997,0.21626231780926924,0.41072936933245896,0.6269916871417283
0.55,0.17999999999999997,0.2110129664929899,0.41589522973874843,0.6269081962317383
0.6000000000000001,0.17999999999999997,0.20476274628741348,0.42107529859954695,0.6258380448869605
0.6500000000000001,0.17999999999999997,0.19729296249545275,0.4262756848812165,0.6235686473766693
0.7000000000000002,0.17999999999999997,0.1882936034350159,0.43150327181753323,0.6197968752525491
0.7500000000000002,0.17999999999999997,0.1773044468586021,0.43676603718888707,0.6140704840474892
0.8000000000000003,0.17999999999999997,0.16359843539068833,0.44207406668827903,0.6056725020789674
0.8500000000000003,0.17999999999999997,0.14591696333481824,0.44744207152842347,0.5933590348632417
0.9000000000000004,0.17999999999999997,0.12173595925583479,0.45289660461093,0.5746325638667648
0.9500000000000004,0.17999999999999997,0.08442196977579368,0.4585030286280401,0.5429249984038338
1.0000000000000004,0.17999999999999997,0.0,0.464551990786291,0.464551990786291
0.5,0.18999999999999995,0.23444288586672274,0.4273892466894362,0.6618321325561589
0.55,0.18999999999999995,0.22891209099514628,0.4315220961696867,0.6604341871648329
0.6000000000000001,0.18999999999999995,0.22244237914445197,0.4356866860605085,0.6581290652049605
0.6500000000000001,0.18999999999999995,0.21481477844665758,0.4398847902536343,0.6546995687002919
0.7000000000000002,0.18999999999999995,0.20571935424034649,0.4441198091312023,0.6498391633715488
0.7500000000000002,0.18999999999999995,0.1946955907235485,0.4483972403532611,0.6430928310768096
0.8000000000000003,0.18999999999999995,0.18101241774315158,0.4527253945269014,0.633737812270053
0.8500000000000003,0.18999999999999995,0.1633899552803984,0.4571170189964276,0.620506974276826
0.9000000000000004,0.18999999999999995,0.1391986734500379,0.4615944809081403,0.6007931543581781
0.9500000000000004,0.18999999999999995,0.1010927376232791,0.4662113661856703,0.5673041038089494
1.0000000000000004,0.18999999999999995,0.0,0.4712418962764221,0.4712418962764221
0.5,0.19999999999999996,0.25114857423346476,0.4408118574103134,0.6919604316437782
0.55,0.19999999999999996,0.24553112529854274,0.4441601153064731,0.6896912406050159
0.6000000000000001,0.19999999999999996,0.23902790578431055,0.4475397608936108,0.6865676666779214
0.6500000000000001,0.19999999999999996,0.23142670829015458,0.4509521582823414,0.682378866572496
0.7000000000000002,0.19999999999999996,0.2224270302598965,0.4544005221439286,0.6768275524038251
0.7500000000000002,0.19999999999999996,0.2115819026863714,0.45789031606890657,0.669472218755278
0.8000000000000003,0.19999999999999996,0.19818004793016758,0.4614296847102998,0.6596097326404674
0.8500000000000003,0.19999999999999996,0.18096938653411118,0.46503040874376855,0.6459997952778798
0.9000000000000004,0.19999999999999996,0.1573418529820046,0.46871140683310897,0.6260532598151136
0.9500000000000004,0.19999999999999996,0.11968475487351095,0.4725146971054803,0.5921994519789913
1.0000000000000004,0.19999999999999996,0.0,0.47668103619423835,0.47668103619423835
0.5,0.20999999999999996,0.2666114995258669,0.4517156027082624,0.7183271022341293
0.55,0.20999999999999996,0.26103439220537605,0.45444469995931125,0.7154790921646873
0.6000000000000001,0.20999999999999996,0.25462425440257286,0.45720022790019926,0.7118244823027722
0.6500000000000001,0.20999999999999996,0.2471797403748933,0.45998407945163533,0.7071638198265287
0.7000000000000002,0.20999999999999996,0.23841585596043066,0.46279997560837427,0.701215831568805
0.7500000000000002,0.20999999999999996,0.22790913015531641,0.46565376210492776,0.6935628922602441
0.8000000000000003,0.20999999999999996,0.2149865951132916,0.4685536204766058,0.6835402155898974
0.8500000000000003,0.20999999999999996,0.19846466049219355,0.47151053275589455,0.6699751932480881
0.9000000000000004,0.20999999999999996,0.1758709314428957,0.4745404765582364,0.6504114080011321
0.9500000000000004,0.20999999999999996,0.13981432327402216,0.4776754304565779,0.6174897537306001
1.0000000000000004,0.20999999999999996,0.0,0.48111244093981925,0.48111244093981925
0.5,0.21999999999999995,0.2809859571170098,0.460612749423738,0.7415987065407478
0.55,0.21999999999999995,0.27553576006229785,0.4628433979500448,0.7383791580123427
0.6000000000000001,0.21999999999999995,0.26930687209860227,0.4650951342863789,0.7344020063849812
0.6500000000000001,0.21999999999999995,0.26211127409348534,0.46737041292396225,0.7294816870174476
0.7000000000000002,0.21999999999999995,0.2536833990582269,0.46967340521236867,0.7233568042705956
0.7500000000000002,0.21999999999999995,0.2436300250964754,0.4720102066986239,0.7156402317950994
0.8000000000000003,0.21999999999999995,0.23132946500568702,0.47438888464404766,0.7057183496497347
0.8500000000000003,0.21999999999999995,0.2156958163597789,0.4768195901534039,0.6925154065131829
0.9000000000000004,0.21999999999999995,0.1944777635774293,0.4793157915513508,0.6737935551287801
0.9500000000000004,0.21999999999999995,0.16092427471505297,0.48190145481438007,0.6428257295294331
1.0000000000000004,0.21999999999999995,0.0,0.48472748098812807,0.48472748098812807
0.5,0.22999999999999993,0.2943865339414012,0.46789057969041836,0.7622771136318196
0.55,0.22999999999999993,0.2891229580274143,0.4697156871280952,0.7588386451555095
0.6000000000000001,0.22999999999999993,0.2831363332327601,0.47155731856283367,0.7546936517955938
0.6500000000000001,0.22999999999999993,0.27625334162536735,0.4734183044765124,0.7496716461018798
0.7000000000000002,0.22999999999999993,0.2682301100388077,0.4753030524914288,0.7435331625302365
0.7500000000000002,0.22999999999999993,0.25870763514319217,0.4772176832836314,0.7359253184268235
0.8000000000000003,0.22999999999999993,0.24712312960823038,0.4791699590124195,0.7262930886206499
0.8500000000000003,0.22999999999999993,0.23250535647216197,0.4811691444608889,0.7136745009330508
0.9000000000000004,0.22999999999999993,0.21287389896538195,0.4832265537992056,0.6961004527645875
0.9500000000000004,0.22999999999999993,0.18238735747562834,0.48536001554305164,0.66774737301868
1.0000000000000004,0.22999999999999993,0.0,0.4876782301012644,0.4876782301012644
0.5,0.23999999999999994,0.30690483638210314,0.4738516328120094,0.7807564691941126
0.55,0.23999999999999994,0.30186837569316943,0.47534487326273406,0.7772132489559035
0.6000000000000001,0.23999999999999994,0.2961648105493894,0.47685102896274273,0.7730158395121322
0.6500000000000001,0.23999999999999994,0.28963608738072344,0.47837311088866963,0.7680091982693931
0.7000000000000002,0.23999999999999994,0.2820609760412371,0.47991556213161224,0.7619765381728494
0.7500000000000002,0.23999999999999994,0.2731163268637653,0.4814843380706882,0.7546006649344534
0.8000000000000003,0.23999999999999994,0.26230122320943355,0.4830867488407097,0.7453879720501433
0.8500000000000003,0.23999999999999994,0.24876514488867096,0.4847311431124188,0.7334962880010898
0.9000000000000004,0.23999999999999994,0.23081495302506183,0.4864269698827717,0.7172419229078335
0.9500000000000004,0.23999999999999994,0.2036207216782837,0.48818739250195387,0.6918081141802376
1.0000000000000004,0.23999999999999994,0.0,0.4900865064164609,0.4900865064164609
0.5,0.24999999999999994,0.3186174549198819,0.47873675510487856,0.7973542100247605
0.55,0.24999999999999994,0.31383426277320087,0.47995755571043675,0.7937918184836377
0.6000000000000001,0.24999999999999994,0.30843912637900284,0.4811885047142782,0.789627631093281
0.6500000000000001,0.24999999999999994,0.3022892022197349,0.4824326403286486,0.7847218425483835
0.7000000000000002,0.24999999999999994,0.2951858273146883,0.48369429199493164,0.77888011930962
0.7500000000000002,0.24999999999999994,0.28684150733192953,0.4849791175011421,0.7718206248330717
0.8000000000000003,0.24999999999999994,0.27681652565728476,0.4862938846069484,0.7631104102642332
0.8500000000000003,0.24999999999999994,0.26437866501541957,0.48764603191673883,0.7520246969321585
0.9000000000000004,0.24999999999999994,0.2481127502777616,0.4890433909514014,0.7371561412291631
0.9500000000000004,0.24999999999999994,0.22416599490594538,0.49049555326456573,0.7146615481705111
1.0000000000000004,0.24999999999999994,0.0,0.49205057840776417,0.49205057840776417
0.5,0.2599999999999999,0.3295901763560369,0.4827399376915604,0.8123301140475973
0.55,0.2599999999999999,0.3250754928608371,0.48373672663977535,0.8088122195006124
0.6000000000000001,0.2599999999999999,0.32000229545060316,0.4847415679029705,0.8047438633535737
0.6500000000000001,0.2599999999999999,0.3142424397896013,0.48575742015419154,0.7999998599437929
0.7000000000000002,0.2599999999999999,0.3076189997637758,0.4867884006240218,0.7944074003877977
0.7500000000000002,0.2599999999999999,0.2998786093242951,0.4878397894110989,0.787718398735394
0.8000000000000003,0.2599999999999999,0.29063951746742483,0.4889177699447521,0.779557287412177
0.8500000000000003,0.2599999999999999,0.2792797032620556,0.49002890874939053,0.7693086120114461
0.9000000000000004,0.2599999999999999,0.2646364142711321,0.49117964519020146,0.7558160594613336
0.9500000000000004,0.2599999999999999,0.24371683746717962,0.4923768225591701,0.7360936600263497
1.0000000000000004,0.2599999999999999,0.0,0.4936502021180677,0.4936502021180677
0.5,0.2699999999999999,0.33988047792798093,0.48601866454152587,0.8258991424695068
0.55,0.2699999999999999,0.33564119532355274,0.486831161253833,0.8224723565773857
0.6000000000000001,0.2699999999999999,0.33089436445961373,0.4876501266582026,0.8185444911178164
0.6500000000000001,0.2699999999999999,0.3255257115394084,0.4884783712623098,0.8140040828017182
0.7000000000000002,0.2699999999999999,0.31937870392091156,0.48931974136261763,0.8086984452835292
0.7500000000000002,0.2699999999999999,0.3122317059231579,0.4901790989080222,0.8024108048311801
0.8000000000000003,0.2699999999999999,0.3037561134260818,0.4910620365202012,0.794818149946283
0.8500000000000003,0.2699999999999999,0.2934287971609962,0.49197430900609596,0.7854031061670921
0.9000000000000004,0.2699999999999999,0.2803060783015902,0.4929211724978406,0.7732272507994309
0.9500000000000004,0.2699999999999999,0.26210479465061615,0.4939073639777503,0.7560121586283665
1.0000000000000004,0.2699999999999999,0.0,0.4949504487375694,0.4949504487375694
0.5,0.2799999999999999,0.3495391646360444,0.48870150451885885,0.8382406691549033
0.55,0.2799999999999999,0.345575817717661,0.48936242020754067,0.8349382379252017
0.6000000000000001,0.2799999999999999,0.3411529042323045,0.49002860472127147,0.8311815089535759
0.6500000000000001,0.2799999999999999,0.33616899150623425,0.4907026800243733,0.8268716715306075
0.7000000000000002,0.2799999999999999,0.33048628700078103,0.49138819146050317,0.8218744784612841
0.7500000000000002,0.2799999999999999,0.32391199714747565,0.4920895699694483,0.816001567116924
0.8000000000000003,0.2799999999999999,0.3161650547693874,0.4928118341566954,0.8089768889260828
0.8500000000000003,0.2799999999999999,0.30680865455789985,0.4935599992556061,0.800368653813506
0.9000000000000004,0.2799999999999999,0.2950831666340581,0.4943383280212221,0.7894214946552802
0.9500000000000004,0.2799999999999999,0.2792656072036447,0.4951499590542534,0.7744155662578981
1.0000000000000004,0.2799999999999999,0.0,0.49600464407314065,0.49600464407314065
0.5,0.2899999999999999,0.3586115356391683,0.4908938618724239,0.8495053975115923
0.55,0.2899999999999999,0.3549198752402326,0.49143020545580735,0.84635008069604
0.6000000000000001,0.2899999999999999,0.35081332032854134,0.49197090230173524,0.8427842226302766
0.6500000000000001,0.2899999999999999,0.346202143721209,0.49251836529213827,0.8387205090133473
0.7000000000000002,0.2899999999999999,0.34096549072657917,0.4930758283976743,0.8340413191242535
0.7500000000000002,0.2899999999999999,0.3349363243559766,0.49364729668339913,0.8285836210393758
0.8000000000000003,0.2899999999999999,0.3278752970077135,0.49423724508722644,0.82211254209494
0.8500000000000003,0.2899999999999999,0.3194194235900074,0.49485002431850766,0.8142694479085151
0.9000000000000004,0.2899999999999999,0.30896018000620024,0.49548906984107216,0.8044492498472724
0.9500000000000004,0.2899999999999999,0.2952038506053491,0.4961563189678657,0.7913601695732149
1.0000000000000004,0.2899999999999999,0.0,0.4968566484419224,0.4968566484419224
0.5,0.29999999999999993,0.3671382649886217,0.49268242433291004,0.8598206893215317
0.55,0.29999999999999993,0.36371051212977556,0.4931165284718552,0.8568270406016307
0.6000000000000001,0.29999999999999993,0.35990906373114934,0.49355427956108433,0.8534633432922336
0.6500000000000001,0.29999999999999993,0.35565472906573325,0.4939978743012172,0.8496526033669505
0.7000000000000002,0.29999999999999993,0.3508417605135542,0.49445023768785085,0.8452919982014051
0.7500000000000002,0.29999999999999993,0.345325804675409,0.49491496503436444,0.8402407697097735
0.8000000000000003,0.29999999999999993,0.33890360048282814,0.49539602461426846,0.8342996250970967
0.8500000000000003,0.29999999999999993,0.3312743440774151,0.49589717454897725,0.8271715186263924
0.9000000000000004,0.29999999999999993,0.3219516223294221,0.49642116272497,0.818372785054392
0.9500000000000004,0.29999999999999993,0.3099646083550652,0.4969690272877762,0.8069336356428414
1.0000000000000004,0.29999999999999993,0.0,0.49754264141166354,0.49754264141166354
0.5,0.3099999999999999,0.37515609308098397,0.49413865539978663,0.8692947484807706
0.55,0.3099999999999999,0.37198194045117966,0.49448899607903635,0.866470936530216
0.6000000000000001,0.3099999999999999,0.3684717840219417,0.49484243074193174,0.8633142147638735
0.6500000000000001,0.3099999999999999,0.3645558202264698,0.4952009416341524,0.8597567618606222
0.7000000000000002,0.3099999999999999,0.3601416335561419,0.4955671552074954,0.8557087887636373
0.7500000000000002,0.3099999999999999,0.3551046323651699,0.495944279345086,0.851048911710256
0.8000000000000003,0.3099999999999999,0.34927242906090894,0.4963358148805468,0.8456082439414557
0.8500000000000003,0.3099999999999999,0.3423960313103129,0.4967449929671102,0.8391410242774231
0.9000000000000004,0.3099999999999999,0.33408668932888624,0.49717398785324945,0.8312606771821357
0.9500000000000004,0.3099999999999999,0.3236139571353069,0.4976231618551803,0.8212371189904872
1.0000000000000004,0.3099999999999999,0.0,0.4980925313293722,0.4980925313293722
0.5,0.3199999999999999,0.3826983834838149,0.49532156756013357,0.8780199510439485
0.55,0.3199999999999999,0.3797657932968878,0.4956034270861225,0.8753692203830103
0.6000000000000001,0.3199999999999999,0.3765314481597055,0.4958879397342514,0.8724193878939569
0.6500000000000001,0.3199999999999999,0.3729338384810165,0.49617688062771476,0.8691107191087313
0.7000000000000002,0.3199999999999999,0.3688922162845669,0.49647259289092527,0.8653648091754922
0.7500000000000002,0.3199999999999999,0.36429906326730355,0.49677792239881163,0.8610769856661151
0.8000000000000003,0.3199999999999999,0.35900819182224303,0.4970959414453076,0.8561041332675506
0.8500000000000003,0.3199999999999999,0.3528134571016761,0.4974294124808194,0.8502428695824955
0.9000000000000004,0.3199999999999999,0.3454037375280801,0.49778002738804616,0.8431837649161262
0.9500000000000004,0.3199999999999999,0.33622679936334227,0.49814763432533316,0.8343744336886754
1.0000000000000004,0.3199999999999999,0.0,0.4985310780053017,0.4985310780053017
0.5,0.3299999999999999,0.38979557886921296,0.4962799449084795,0.8860755237776925
0.55,0.3299999999999999,0.3870914150225795,0.49650595362473454,0.883597368647314
0.6000000000000001,0.3299999999999999,0.3841164379921139,0.49673425657424425,0.8808506945663581
0.6500000000000001,0.3299999999999999,0.38081641787586384,0.4969664325042497,0.8777828503801135
0.7000000000000002,0.3299999999999999,0.377120751376044,0.4972045590770598,0.8743253104531038
0.7500000000000002,0.3299999999999999,0.3729365790397452,0.4974511467840669,0.8703877258238121
0.8000000000000003,0.3299999999999999,0.3681398189653084,0.4977088767011362,0.8658486956664446
0.8500000000000003,0.3299999999999999,0.36255958795097976,0.4979800938067603,0.86053968175774
0.9000000000000004,0.3299999999999999,0.35594627996110634,0.49826608055048854,0.8542123605115949
0.9500000000000004,0.3299999999999999,0.34787982147967533,0.4985662875679833,0.8464461090476587
1.0000000000000004,0.3299999999999999,0.0,0.4988787927059028,0.4988787927059028
0.5,0.33999999999999986,0.39630905402071986,0.4966639636953625,0.8929730177160824
0.55,0.33999999999999986,0.39383147666505364,0.49686128839836213,0.8906927650634158
0.6000000000000001,0.33999999999999986,0.39111228061943454,0.49706093702767207,0.8881732176471067
0.6500000000000001,0.33999999999999986,0.388103852470906,0.49726440651560344,0.8853682589865095
0.7000000000000002,0.33999999999999986,0.384744524954108,0.49747369979752826,0.8822182247516362
0.7500000000000002,0.33999999999999986,0.38095390817662145,0.49769129080913566,0.8786451989857571
0.8000000000000003,0.33999999999999986,0.3766261044831136,0.4979199038049865,0.8745460082881001
0.8500000000000003,0.33999999999999986,0.3716183546958061,0.49816204848709045,0.8697804031828966
0.9000000000000004,0.33999999999999986,0.36572845993196124,0.4984193199155133,0.8641477798474746
0.9500000000000004,0.33999999999999986,0.3586324778186337,0.4986916237844207,0.8573241016030544
1.0000000000000004,0.33999999999999986,0.0,0.4989775389423734,0.4989775389423734
0.5,0.34999999999999987,0.4023842384418731,0.4968135759061005,0.8991978143479735
0.55,0.34999999999999987,0.400122520063895,0.49699380985748226,0.8971163299213772
0.6000000000000001,0.34999999999999987,0.3976460418498763,0.49717650389464874,0.894822545744525
0.6500000000000001,0.34999999999999987,0.3949130795658831,0.49736311823897006,0.8922761978048532
0.7000000000000002,0.34999999999999987,0.39186974148920084,0.4975556550904192,0.88942539657962
0.7500000000000002,0.34999999999999987,0.38844619434711464,0.4977566689139621,0.8862028632610768
0.8000000000000003,0.34999999999999987,0.384551497341403,0.4979691022233697,0.8825205995647727
0.8500000000000003,0.34999999999999987,0.3800653754751083,0.49819587384809527,0.8782612493232036
0.9000000000000004,0.34999999999999987,0.37482234926524344,0.4984392099314519,0.8732615591966953
0.9500000000000004,0.34999999999999987,0.368569282054213,0.4986998683540216,0.8672691504082346
1.0000000000000004,0.34999999999999987,0.0,0.4989775389423734,0.4989775389423734
0.5,0.3599999999999999,0.408127986002719,0.4969508702955926,0.9050788562983116
0.55,0.3599999999999999,0.4060655501469863,0.497115758891323,0.9031813090383093
0.6000000000000001,0.3599999999999999,0.403812395340158,0.4972831798652845,0.9010955752054425
0.6500000000000001,0.3599999999999999,0.4013319189120804,0.49745454886034185,0.8987864677724222
0.7000000000000002,0.3599999999999999,0.39857691486375113,0.4976318516816085,0.8962087665453596
0.7500000000000002,0.3599999999999999,0.3954864853279724,0.4978176978664789,0.8933041831944513
0.8000000000000003,0.3599999999999999,0.3919820990939723,0.49801521399142146,0.8899973130853938
0.8500000000000003,0.3599999999999999,0.3879616951539515,0.49822769097658415,0.8861893861305357
0.9000000000000004,0.3599999999999999,0.3832886599829044,0.4984579574547355,0.8817466174376398
0.9500000000000004,0.3599999999999999,0.3777629595158542,0.49870761940700153,0.8764705789228557
1.0000000000000004,0.3599999999999999,0.0,0.4989775389423734,0.4989775389423734
0.5,0.3699999999999999,0.4135554321805525,0.49707708722987626,0.9106325194104288
0.55,0.3699999999999999,0.41167652765077967,0.49722816770252887,0.9089046953533085
0.6000000000000001,0.3699999999999999,0.40962836197877367,0.49738180345374183,0.9070101654325156
0.6500000000000001,0.3699999999999999,0.40737877833546654,0.497539359421585,0.9049181377570515
0.7000000000000002,0.3699999999999999,0.4048863126456743,0.49770279178231763,0.9025891044279919
0.7500000000000002,0.3699999999999999,0.4020976248706939,0.497874742452971,0.8999723673236648
0.8000000000000003,0.3699999999999999,0.3989444752413556,0.4980584901899299,0.8970029654312855
0.8500000000000003,0.3699999999999999,0.3953395581413142,0.4982576617507337,0.8935972198920479
0.9000000000000004,0.3699999999999999,0.39116899080952916,0.49847565785682185,0.889644648666351
0.9500000000000004,0.3699999999999999,0.38627279773062767,0.4987149232731712,0.8849877210037989
1.0000000000000004,0.3699999999999999,0.0,0.4989775389423734,0.4989775389423734
0.5,0.3799999999999999,0.4186815202921775,0.497193326851741,0.9158748471439184
0.55,0.3799999999999999,0.41697128150077456,0.49733195658511714,0.9143032380858918
0.6000000000000001,0.3799999999999999,0.41511088960287656,0.4974731266135033,0.9125840162163799
0.6500000000000001,0.3799999999999999,0.41307204351757665,0.49761814652634606,0.9106901900439227
0.7000000000000002,0.3799999999999999,0.4108182099711188,0.4977689317856927,0.9085871417568114
0.7500000000000002,0.3799999999999999,0.4083024445843279,0.4979281365538867,0.9062305811382145
0.8000000000000003,0.3799999999999999,0.40546504868120165,0.498099162172847,0.9035642108540487
0.8500000000000003,0.3799999999999999,0.4022306830074493,0.4982859360121665,0.9005166190196158
0.9000000000000004,0.3799999999999999,0.3985034084639843,0.498492399245603,0.8969958077095873
0.9500000000000004,0.3799999999999999,0.3941536597240259,0.4987218218723151,0.892875481596341
1.0000000000000004,0.3799999999999999,0.0,0.4989775389423734,0.4989775389423734
0.5,0.38999999999999985,0.42352090307318596,0.4973005658905565,0.9208214689637424
0.55,0.38999999999999985,0.4219653803668782,0.4974279464385812,0.9193933268054594
0.6000000000000001,0.38999999999999985,0.42027668848597044,0.49755782356357897,0.9178345120495495
0.6500000000000001,0.38999999999999985,0.4184298700060993,0.4976914481173141,0.9161213181234134
0.7000000000000002,0.38999999999999985,0.4163926294589924,0.49783068565691313,0.9142233151159056
0.7500000000000002,0.38999999999999985,0.414123443056829,0.49797818481015,0.912101627866979
0.8000000000000003,0.38999999999999985,0.4115697135196847,0.49813744214414957,0.9097071556638343
0.8500000000000003,0.38999999999999985,0.4086658253423208,0.49831265162534727,0.9069784769676681
0.9000000000000004,0.38999999999999985,0.4053300471455304,0.4985082624824417,0.9038383096279721
0.9500000000000004,0.38999999999999985,0.4014560500187422,0.498728353007547,0.9001844030262891
1.0000000000000004,0.38999999999999985,0.0,0.4989775389423734,0.4989775389423734
0.5,0.39999999999999986,0.42808786586720016,0.49739967246351513,0.9254875383307153
0.55,0.39999999999999986,0.4266740324920258,0.49751686998460704,0.9241909024766328
0.6000000000000001,0.39999999999999986,0.4251421037697141,0.4976364989006731,0.9227786026703872
0.6500000000000001,0.39999999999999986,0.42347002367144815,0.4977597489932913,0.9212297726647394
0.7000000000000002,0.39999999999999986,0.421629145081157,0.4978884283886998,0.9195175734698569
0.7500000000000002,0.39999999999999986,0.4195825500576204,0.4980251645577283,0.9176077146153487
0.8000000000000003,0.39999999999999986,0.4172835625422228,0.4981735240924708,0.9154570866346936
0.8500000000000003,0.39999999999999986,0.41467449068464673,0.4983379348821463,0.9130124255667931
0.9000000000000004,0.39999999999999986,0.41168489175044126,0.49852332143946515,0.9102082131899064
0.9500000000000004,0.39999999999999986,0.4082263070880136,0.49873455071146655,0.9069608577994801
1.0000000000000004,0.39999999999999986,0.0,0.4989775389423734,0.4989775389423734
