recovery,day,prop_infected
1,0,0.001
1,1,0.00029969999999999997
1,2,8.979314397299998e-05
1,3,2.6900513104522117e-05
1,4,8.058723416516621e-06
1,5,2.4141732446286666e-06
1,6,7.232185624712926e-07
1,7,2.1665583091451103e-07
1,8,6.49039464979317e-08
1,9,1.9443381604016564e-08
1,10,5.824685573634131e-09
1,11,1.7449105574719859e-09
1,12,5.227257007724101e-10
1,13,1.5659379040083498e-10
1,14,4.6911057084089493e-11
1,15,1.4053221848773811e-11
1,16,4.20994657984496e-12
1,17,1.2611805602869635e-12
1,18,3.778139165134743e-13
1,19,1.1318233090963382e-13
1,20,3.3906215388652946e-14
1,21,1.0157340220352653e-14
1,22,3.0428509690444543e-15
1,23,9.115518254731935e-16
1,24,2.730750664349646e-16
1,25,8.180554283871952e-17
1,26,2.450661983352981e-17
1,27,7.341488056001233e-18
1,28,2.1993015455630724e-18
1,29,6.588483494653671e-19
1,30,1.973722741517483e-19
1,31,5.912713393824878e-20
1,32,1.7712811907227257e-20
1,33,5.306255939759899e-21
1,34,1.5896037425175128e-21
1,35,4.762001846333893e-22
1,36,1.4265606564673513e-22
1,37,4.273571015406676e-23
1,38,1.2802406361710867e-23
1,39,3.835237745189964e-24
1,40,1.1489284238095484e-24
1,41,3.441863609871492e-25
1,42,1.0310846927851211e-25
1,43,3.088837223667564e-26
1,44,9.253280027407679e-27
1,45,2.772020183179359e-27
1,46,8.30418605423578e-28
1,47,2.4876985543543597e-28
1,48,7.452439115547132e-29
1,49,2.232539335351709e-29
1,50,6.688054483390067e-30
1,51,2.0035513849410997e-30
1,52,6.002071547217204e-31
1,53,1.798050358412614e-31
1,54,5.386448771818903e-32
1,55,1.6136272399536054e-32
1,56,4.833969429251692e-33
1,57,1.4481201026088141e-33
1,58,4.338156999690399e-34
1,59,1.2995887647757214e-34
1,60,3.8931992494781067e-35
1,61,1.166292046142199e-35
1,62,3.4938800963677906e-36
1,63,1.04666735644587e-36
1,64,3.1355184632359644e-37
1,65,9.393123777814191e-38
1,66,2.813913403472073e-38
1,67,8.42968625724035e-39
1,68,2.52529485476798e-39
1,69,7.565066965618394e-40
1,70,2.2662794440116553e-40
1,71,6.789130276958415e-41
1,72,2.0338308252014659e-41
1,73,6.0927801600426e-42
1,74,1.8252240854364832e-42
1,75,5.4678535488701325e-43
1,76,1.638013801726819e-43
1,77,4.907024649923142e-44
1,78,1.4700053741652848e-44
1,79,4.403719064481702e-45
1,80,1.3192292994092898e-45
1,81,3.9520367192741414e-46
1,82,1.1839180828901122e-46
1,83,3.54668270200596e-47
1,84,1.0624855190995373e-47
1,85,3.182905190976727e-48
1,86,9.535080970640031e-49
1,87,2.85643975115583e-49
1,88,8.557083130291971e-50
1,89,2.5634593437196845e-50
1,90,7.67939694735622e-51
1,91,2.300529463029891e-51
1,92,6.891733617300016e-52
1,93,2.0645678751390133e-52
1,94,6.184859641638213e-53
1,95,1.8528084858527362e-53
1,96,5.550488586898022e-54
1,97,1.6627689147864715e-54
1,98,4.981183945691767e-55
1,99,1.4922213952985594e-55
2,0,0.001
2,1,0.0007997
2,2,0.0006394481889729999
2,3,0.0005112632607466315
2,4,0.0004087451345322876
2,5,0.00032676509090158776
2,6,0.00026121539182788977
2,7,0.00020880742049684016
2,8,0.00016690922750942018
2,9,0.00013341497457787125
2,10,0.00010664012978289119
2,11,8.523740963041852e-05
2,12,6.81294085003135e-05
2,13,5.445463299737953e-05
2,14,4.352429334694415e-05
2,15,3.4787719968756214e-05
2,16,2.7804691378423096e-05
2,17,2.222329725385242e-05
2,18,1.776223269760107e-05
2,19,1.4196638745080629e-05
2,20,1.1346780158472214e-05
2,21,9.068992806404211e-06
2,22,7.2484462153789816e-06
2,23,5.793357667986214e-06
2,24,4.6303669428583505e-06
2,25,3.7008390129172938e-06
2,26,2.957908616114351e-06
2,27,2.3641178969757164e-06
2,28,1.8895281427590126e-06
2,29,1.510210492781209e-06
2,30,1.2070395760876887e-06
2,31,9.647292864531078e-07
2,32,7.71062099696894e-07
2,33,6.162730887430132e-07
2,34,4.925575866906395e-07
2,35,3.9367767933377245e-07
2,36,3.1464768956726306e-07
2,37,2.5148279765232025e-07
2,38,2.0099812385980232e-07
2,39,1.6064814385356552e-07
2,40,1.2839834046875637e-07
2,41,1.0262262072987559e-07
2,42,8.202132593873907e-08
2,43,6.555570091031842e-08
2,44,5.2395518276058784e-08
2,45,4.187721703955921e-08
2,46,3.347044469371367e-08
2,47,2.6751315916411388e-08
2,48,2.138103951464963e-08
2,49,1.708883595789408e-08
2,50,1.365828417717415e-08
2,51,1.0916409213945985e-08
2,52,8.724960499991405e-09
2,53,6.973441004374944e-09
2,54,5.573535764876887e-09
2,55,4.454658880535535e-09
2,56,3.5603944366093464e-09
2,57,2.845651906880012e-09
2,58,2.2743926034226377e-09
2,59,1.817812537205832e-09
2,60,1.4528900659480699e-09
2,61,1.1612250989005903e-09
2,62,9.281113290679098e-10
2,63,7.417947130555338e-10
2,64,5.928808096894969e-10
2,65,4.738610942923637e-10
2,66,3.7873436447808295e-10
2,67,3.027041480229287e-10
2,68,2.4193685553900045e-10
2,69,1.933684835454428e-10
2,70,1.5455012153623915e-10
2,71,1.2352447321506866e-10
2,72,9.872716586131928e-11
2,73,7.890787165635265e-11
2,74,6.306726375608296e-11
2,75,5.040662831417107e-11
2,76,4.028759179741528e-11
2,77,3.219993296734083e-11
2,78,2.5735856546359046e-11
2,79,2.056943139739318e-11
2,80,1.6440156450541727e-11
2,81,1.3139825739272379e-11
2,82,1.050203025607076e-11
2,83,8.393767290963355e-12
2,84,6.708734179663602e-12
2,85,5.361968319254983e-12
2,86,4.2855631907171635e-12
2,87,3.425244381930753e-12
2,88,2.7376329676705126e-12
2,89,2.1880582609550836e-12
2,90,1.7488096504792398e-12
2,91,1.3977393784174701e-12
2,92,1.1171458079746366e-12
2,93,8.928808728907089e-13
2,94,7.136367047908883e-13
2,95,5.703754687632147e-13
2,96,4.558736583793842e-13
2,97,3.64357872639268e-13
2,98,2.912137100137608e-13
2,99,2.3275310146498954e-13
3,0,0.001
3,1,0.0009663666666666667
3,2,0.0009337776484174445
3,3,0.0009022065296703319
3,4,0.0008716271327808614
3,5,0.0008420135516474555
3,6,0.000813340181933141
3,7,0.0007855817481045169
3,8,0.0007587133274824847
3,9,0.0007327103714925391
3,10,0.0007075487242954522
3,11,0.0006832046389720478
3,12,0.0006596547914285216
3,13,0.0006368762921814652
3,14,0.0006148466961744606
3,15,0.0005935440107708673
3,16,0.0005729467020602558
3,17,0.000553033699608898
3,18,0.0005337843997778181
3,19,0.0005151786677251718
3,20,0.0004971968382031689
3,21,0.0004798197152534019
3,22,0.00046302857089830653
3,23,0.00044680514292055656
3,24,0.00043113163181651064
3,25,0.0004159906970043644
3,26,0.00040136545236243743
3,27,0.0003872394611680312
3,28,0.00037359673050253516
3,29,0.0003604217051839259
3,30,0.00034769926128350273
3,31,0.00033541469927961904
3,32,0.00032355373689730356
3,33,0.00031210250167901054
3,34,0.0003010475233282858
3,35,0.0002903757258648828
3,36,0.0002800744196267972
3,37,0.0002701312931518094
3,38,0.00026053440496841805
3,39,0.0002512721753235096
3,40,0.00024233337787173392
3,41,0.0002337071313493299
3,42,0.00022538289125306938
3,43,0.00021735044154304683
3,44,0.000209599886386235
3,45,0.00020212164195604403
3,46,0.00019490642830155555
3,47,0.00018794526129865057
3,48,0.0001812294446939003
3,49,0.0001747505622508412
3,50,0.00016850047000709816
3,51,0.0001624712886497529
3,52,0.00015665539601536808
3,53,0.00015104541972016977
3,54,0.00014563422992505546
3,55,0.00014041493223932643
3,56,0.00013538086076633976
3,57,0.00013052557129362996
3,58,0.0001258428346294607
3,59,0.0001213266300872301
3,60,0.0001169711391186623
3,61,0.0001127707390962746
3,62,0.00010871999724520528
3,63,0.00010481366472412347
3,64,0.00010104667085461397
3,65,9.741411749813443e-05
3,66,9.391127357937857e-05
3,67,9.053356975464289e-05
3,68,8.727659322358532e-05
3,69,8.413608268257897e-05
3,70,8.110792341770167e-05
3,71,7.818814253526018e-05
3,72,7.537290432762487e-05
3,73,7.265850577204528e-05
3,74,7.004137216002777e-05
3,75,6.751805285478132e-05
3,76,6.508521717417666e-05
3,77,6.273965039661471e-05
3,78,6.047824988716223e-05
3,79,5.829802134128532e-05
3,80,5.619607514349252e-05
3,81,5.416962283818945e-05
3,82,5.2215973710044446e-05
3,83,5.0332531471168634e-05
3,84,4.851679105242485e-05
3,85,4.67663354961953e-05
3,86,4.5078832947959065e-05
3,87,4.345203374405576e-05
3,88,4.188376759304064e-05
3,89,4.037194084806929e-05
3,90,3.891453386778538e-05
3,91,3.75095984632234e-05
3,92,3.615525542827841e-05
3,93,3.484969215133767e-05
3,94,3.359116030571256e-05
3,95,3.2377973616555e-05
3,96,3.120850570198877e-05
3,97,3.0081187986233817e-05
3,98,2.8994507682549294e-05
3,99,2.7947005843870115e-05
4,0,0.001
4,1,0.0010497
4,2,0.001101775711473
4,3,0.001156330950905447
4,4,0.0012134730569023475
4,5,0.001273312899140581
4,6,0.0013359648726244005
4,7,0.0014015468753337042
4,8,0.00147018026719879
4,9,0.0015419898081724865
4,10,0.001617103573002689
4,11,0.001695652840136542
4,12,0.0017777719520132677
4,13,0.001863598143827719
4,14,0.001953271337673273
4,15,0.0020469338988032995
4,16,0.0021447303505881567
4,17,0.0022468070445930775
4,18,0.002353311782065542
4,19,0.0024643933830035413
4,20,0.0025802011988839114
4,21,0.0027008845650687576
4,22,0.002826592188884689
4,23,0.0029574714693916936
4,24,0.003093667744934275
4,25,0.0032353234647059274
4,26,0.003382577280768883
4,27,0.003535563057264527
4,28,0.0036944087939368925
4,29,0.003859235461583279
4,30,0.004030155747653826
4,31,0.004207272710957075
4,32,0.004390678345302298
4,33,0.004580452052931989
4,34,0.004776659029778756
4,35,0.004979348565927602
4,36,0.005188552266182899
4,37,0.005404282197332097
4,38,0.0056265289705649405
4,39,0.005855259769542919
4,40,0.006090416336809398
4,41,0.006331912933571186
4,42,0.006579634290345394
4,43,0.006833433568522644
4,44,0.007093130355512215
4,45,0.007358508718761654
4,46,0.007629315346528909
4,47,0.00790525780576681
4,48,0.008186002949786475
4,49,0.008471175510418876
4,50,0.00876035691110601
4,51,0.009053084338632944
4,52,0.009348850111963698
4,53,0.009647101386770475
4,54,0.009947240233651834
4,55,0.010248624126630947
4,56,0.01055056687622923
4,57,0.01085234003815587
4,58,0.011153174824390972
4,59,0.011452264538142467
4,60,0.011748767547825053
4,61,0.012041810807875282
4,62,0.012330493925946515
4,63,0.012613893766924723
4,64,0.012891069574412597
4,65,0.013161068580025392
4,66,0.01342293206024353
4,67,0.013675701789923183
4,68,0.01391842683115252
4,69,0.014150170586253275
4,70,0.014370018034670385
4,71,0.014577083065571561
4,72,0.014770515811487273
4,73,0.01494950988352834
4,74,0.0151133094058559
4,75,0.01526121574633127
4,76,0.015392593841767731
4,77,0.015506878020002158
4,78,0.01560357722708958
4,79,0.01568227957621074
4,80,0.01574265614520945
4,81,0.015784463961810342
4,82,0.01580754812921205
4,83,0.01581184305955588
4,84,0.015797372798345064
4,85,0.015764250438817524
4,86,0.015712676641129023
4,87,0.015642937286561836
4,88,0.015555400311437904
4,89,0.0154505117786212
4,90,0.015328791256128179
4,91,0.015190826582172579
4,92,0.015037268103762939
4,93,0.014868822481629755
4,94,0.014686246157737105
4,95,0.014490338582952702
4,96,0.014281935301696599
4,97,0.01406190098770462
4,98,0.013831122520618456
4,99,0.01359050218717773
5,0,0.001
5,1,0.0010997
5,2,0.001209241215973
5,3,0.0013295743156479067
5,4,0.0014617374478592834
5,5,0.0016068633722239665
5,6,0.0017661869700928232
5,7,0.0019410531096694657
5,8,0.002132924823391748
5,9,0.0023433917373897077
5,10,0.002574178670460815
5,11,0.002827154292870105
5,12,0.003104339702659681
5,13,0.003407916738262566
5,14,0.0037402358002570748
5,15,0.004103822901273416
5,16,0.00450138560063271
5,17,0.004935817408641662
5,18,0.005410200164181885
5,19,0.005927803798259464
5,20,0.006492082795956269
5,21,0.007106668560890905
5,22,0.007775356771945976
5,23,0.008502088704989658
5,24,0.00929092537754446
5,25,0.010146013268736697
5,26,0.011071540279668415
5,27,0.012071680542614191
5,28,0.013150526676255568
5,29,0.014312008136874173
5,30,0.01555979445357215
5,31,0.016897182383484362
5,32,0.01832696640672381
5,33,0.01985129252678363
5,34,0.021471496074331606
5,35,0.023187925149023104
5,36,0.02499975248306492
5,37,0.02690477986392494
5,38,0.028899240781978183
5,39,0.030977608613976464
5,40,0.03313241932337525
5,41,0.035354119225195
5,42,0.03763094966120797
5,43,0.03994888126517731
5,44,0.04229161065416978
5,45,0.044640631650015625
5,46,0.04697539133535134
5,47,0.04927353826705331
5,48,0.05151126599285457
5,49,0.05366374976363246
5,50,0.05570566827599191
5,51,0.05761179584292227
5,52,0.05935764413036321
5,53,0.060920127150222714
5,54,0.062278219207063945
5,55,0.06341357351418675
5,56,0.06431106961009236
5,57,0.06495926065728355
5,58,0.06535069704439353
5,59,0.06548211000822615
5,60,0.06535444757744907
5,61,0.06497276419918477
5,62,0.0643459740906654
5,63,0.06348648588352337
5,64,0.0624097418938025
5,65,0.061133688988318925
5,66,0.0596782094187963
5,67,0.058064539292772555
5,68,0.056314699871682375
5,69,0.05445096308455412
5,70,0.052495368026066046
5,71,0.05046930026286153
5,72,0.048393140930865094
5,73,0.04628598820235659
5,74,0.0441654499601234
5,75,0.04204750355737423
5,76,0.039946416395527255
5,77,0.03787471967609198
5,78,0.03584322698784698
5,79,0.03386108925906019
5,80,0.0319358779093248
5,81,0.03007368865272357
5,82,0.028279259221763692
5,83,0.02655609520542262
5,84,0.02490659914956013
5,85,0.023332198997697163
5,86,0.021833472815761527
5,87,0.020410267521523938
5,88,0.019061810015554348
5,89,0.01778680968206076
5,90,0.01658355169782244
5,91,0.01544998096278232
5,92,0.014383776756462284
5,93,0.013382418441176613
5,94,0.012443242687259454
5,95,0.011563492797990921
5,96,0.010740360772558652
5,97,0.009971022773104661
5,98,0.00925266866437994
5,99,0.008582526278281134
6,0,0.001
6,1,0.0011330333333333332
6,2,0.0012836626634174443
6,3,0.00145418644349391
6,4,0.001647195146179365
6,5,0.0018656060254194089
6,6,0.0021127013414817364
6,7,0.0023921701906111465
6,8,0.0027081540155999852
6,9,0.0030652957786099035
6,10,0.0034687926446241015
6,11,0.003924451842577393
6,12,0.004438749129107395
6,13,0.0050188889623875976
6,14,0.005672865083809377
6,15,0.006409519684525251
6,16,0.00723859868175193
6,17,0.008170799825628492
6,18,0.009217809382275054
6,19,0.010392321978024734
6,20,0.01170803683819813
6,21,0.01317962212129386
6,22,0.01482263737025619
6,23,0.016653402346166725
6,24,0.018688798795308027
6,25,0.020945990212615853
6,26,0.02344204367009642
6,27,0.026193437642326158
6,28,0.029215440953054103
6,29,0.03252135105829785
6,30,0.03612158551567097
6,31,0.0400226293198101
6,32,0.04422585336198323
6,33,0.04872623588491374
6,34,0.053511039252669416
6,35,0.058558517698877405
6,36,0.06383675602083395
6,37,0.06930276135863696
6,38,0.07490194600425833
6,39,0.08056814357973928
6,40,0.08622428877360357
6,41,0.09178385804638756
6,42,0.09715311369061425
6,43,0.10223411858612681
6,44,0.10692840088906205
6,45,0.11114105830268724
6,46,0.11478501520623277
6,47,0.11778509780798349
6,48,0.1200815844556036
6,49,0.1216329255148236
6,50,0.12241740647417995
6,51,0.12243363740263857
6,52,0.12169987390181913
6,53,0.1202522897237981
6,54,0.11814241230228492
6,55,0.11543398859774892
6,56,0.1121995664623076
6,57,0.10851705981866927
6,58,0.10446652296379542
6,59,0.10012730118735162
6,60,0.09557566231116224
6,61,0.09088295531344237
6,62,0.0861142935722454
6,63,0.08132772415452327
6,64,0.07657382125926454
6,65,0.07189562999596247
6,66,0.06732888384905114
6,67,0.06290242288519665
6,68,0.05863874760730643
6,69,0.054554653351611776
6,70,0.05066190075447606
6,71,0.04696788804963862
6,72,0.04347630016498467
6,73,0.04018771745537686
6,74,0.03710017334344779
6,75,0.03420965519846884
6,76,0.031510546604023894
6,77,0.02899601192760095
6,78,0.026658325998322553
6,79,0.024489152902664596
6,80,0.022479778582550642
6,81,0.020621302202231715
6,82,0.01890479125198278
6,83,0.017321405167080257
6,84,0.015862491928775996
6,85,0.014519661731969514
6,86,0.013284841389937357
6,87,0.012150312726614125
6,88,0.011108737799702286
6,89,0.01015317341493264
6,90,0.009277077039865567
6,91,0.008474305907973453
6,92,0.007739110821182138
6,93,0.00706612591072628
6,94,0.006450355400187745
6,95,0.005887158228417703
6,96,0.005372231230867301
6,97,0.0049015914427566485
6,98,0.004471557973643312
6,99,0.004078733807606529
7,0,0.001
7,1,0.001156842857142857
7,2,0.001338181384381163
7,3,0.0015478061153746461
7,4,0.0017900822386639498
7,5,0.002070032682939596
7,6,0.00239343183599218
7,7,0.002766910772890732
7,8,0.003198074752883188
7,9,0.003695633533158673
7,10,0.004269544704608697
7,11,0.004931169733221664
7,12,0.00569344163132436
7,13,0.00657104211160256
7,14,0.007580584603761705
7,15,0.008740797532613288
7,16,0.010072699646703273
7,17,0.011599755819069298
7,18,0.013347997490137153
7,19,0.015346086684943125
7,20,0.01762529626859386
7,21,0.02021937187068975
7,22,0.02316423296075167
7,23,0.026497462425519935
7,24,0.030257526626448802
7,25,0.03448266279097914
7,26,0.039209369882984256
7,27,0.04447044573107604
7,28,0.0502925307947293
7,29,0.05669315155071515
7,30,0.06367730785940826
7,31,0.07123372117547037
7,32,0.07933095333879776
7,33,0.08791371295944507
7,34,0.09689977492434088
7,35,0.10617802685049442
7,36,0.1156081957302052
7,37,0.125022767146784
7,38,0.13423146249835333
7,39,0.1430283777828194
7,40,0.1512015296922444
7,41,0.158544153481963
7,42,0.16486673302883958
7,43,0.17000850756445476
7,44,0.17384716533579994
7,45,0.1763056308724798
7,46,0.17735524902302413
7,47,0.17701518099635252
7,48,0.17534834255467216
7,49,0.1724546263578871
7,50,0.16846239036719213
7,51,0.16351924427723982
7,52,0.15778305445659124
7,53,0.15141387141517254
7,54,0.14456722572741257
7,55,0.13738899172127148
7,56,0.1300118173017933
7,57,0.1225529775767007
7,58,0.11511342870703302
7,59,0.10777780658407335
7,60,0.10061511881174054
7,61,0.09367990455406199
7,62,0.08701367394870718
7,63,0.08064647892908505
7,64,0.0745985053075423
7,65,0.06888160907821148
7,66,0.06350074701094557
7,67,0.05845527271226716
7,68,0.053740085009446145
7,69,0.04934662662177662
7,70,0.0452637385291903
7,71,0.04147838008265636
7,72,0.03797622745700632
7,73,0.0347421641246002
7,74,0.03176067709800634
7,75,0.029016172108069272
7,76,0.026493219912219975
7,77,0.024176744753106005
7,78,0.022052164737976533
7,79,0.020105492669629594
7,80,0.01832340468321417
7,81,0.016693282960244537
7,82,0.015203237816609483
7,83,0.013842113599399256
7,84,0.01259948207550564
7,85,0.011465626346547039
7,86,0.010431517770854735
7,87,0.009488787904167852
7,88,0.00862969707630534
7,89,0.007847100891760314
7,90,0.007134415668910307
7,91,0.006485583607198249
7,92,0.005895038286939618
7,93,0.005357670955958494
7,94,0.004868797935493846
7,95,0.004424129379964334
7,96,0.004019739547149142
7,97,0.003652038673666188
7,98,0.00331774650238177
7,99,0.00301386747111114
8,0,0.001
8,1,0.0011746999999999999
8,2,0.0013798144727229999
8,3,0.0016205983134607654
8,4,0.0019031991001423343
8,5,0.0022348029449978904
8,6,0.0026238019584022857
8,7,0.003079985658772614
8,8,0.003614758548090761
8,9,0.004241385757329913
8,10,0.004975268056610416
8,11,0.005834246496138996
8,12,0.006838935330818505
8,13,0.008013079470578284
8,14,0.009383929221168081
8,15,0.010982620208072473
8,16,0.012844539724980345
8,17,0.015009651894975684
8,18,0.017522742557362296
8,19,0.02043353035862112
8,20,0.023796573014910945
8,21,0.027670877444251687
8,22,0.03211910051113308
8,23,0.037206205740940836
8,24,0.04299742451384441
8,25,0.04955536416692663
8,26,0.05693611901153023
8,27,0.06518428500083215
8,28,0.07432686773303576
8,29,0.08436621871417338
8,30,0.09527234265950671
8,31,0.10697518267611093
8,32,0.11935778299380678
8,33,0.13225149516160056
8,34,0.14543454954487786
8,35,0.15863525915569837
8,36,0.17154076860556652
8,37,0.1838115726186578
8,38,0.1951010685700974
8,39,0.2050783558125198
8,40,0.21345162181024552
8,41,0.21998904215991655
8,42,0.22453434881114542
8,43,0.22701507902591817
8,44,0.22744279261378386
8,45,0.22590589255184065
8,46,0.22255676120958412
8,47,0.21759551027879592
8,48,0.2112526939793034
8,49,0.20377296276292572
8,50,0.1954010286715684
8,51,0.18637066339911493
8,52,0.17689689247203957
8,53,0.1671711508056999
8,54,0.15735893458290293
8,55,0.14759939427055635
8,56,0.13800632182404565
8,57,0.1286700508966306
8,58,0.11965987990850474
8,59,0.11102672237938452
8,60,0.10280577451456084
8,61,0.09501906104126537
8,62,0.0876777755109515
8,63,0.08078437195054473
8,64,0.07433439318943358
8,65,0.06831803999818326
8,66,0.06272149675713483
8,67,0.05752803576124014
8,68,0.05271892507407417
8,69,0.048274165289969063
8,70,0.04417307953913213
8,71,0.040394779204409516
8,72,0.03691852553833091
8,73,0.03372400495671889
8,74,0.030791533417113603
8,75,0.028102203070273946
8,76,0.02563798235544204
8,77,0.023381778916883027
8,78,0.021317473151968396
8,79,0.019429928849059974
8,80,0.017704986219278185
8,81,0.016129441649445797
8,82,0.014691017682873729
8,83,0.0133783260496301
8,84,0.012180825999375106
8,85,0.011088779720446433
8,86,0.010093206243300857
8,87,0.009185834911257056
8,88,0.008359059245172957
8,89,0.007605891821329302
8,90,0.006919920614972433
8,91,0.006295267128597039
8,92,0.0057265465181637705
8,93,0.005208829847064201
8,94,0.004737608532616596
8,95,0.004308760999755978
8,96,0.003918521518521809
8,97,0.003563451173596447
8,98,0.0032404108935750065
8,99,0.0029465364532681856
9,0,0.001
9,1,0.001188588888888889
9,2,0.0014126366807631235
9,3,0.0016787663350471549
9,4,0.00199481964531427
9,5,0.002370074032306924
9,6,0.002815494779513382
9,7,0.003344027185998558
9,8,0.0039709330818739254
9,9,0.004714175785206636
9,10,0.0055948566942363815
9,11,0.006637705054446122
9,12,0.007871619675254118
9,13,0.009330257042808938
9,14,0.011052653797616522
9,15,0.013083862185774033
9,16,0.015475563975069388
9,17,0.01828661047478535
9,18,0.02158341273763194
9,19,0.02544007599954446
9,20,0.029938135773099984
9,21,0.03516571081167219
9,22,0.04121584358752772
9,23,0.048183758512826
9,24,0.056162743210801475
9,25,0.06523836618367031
9,26,0.07548080934401666
9,27,0.08693524530950801
9,28,0.09961045611334907
9,29,0.11346628986608222
9,30,0.12840107413523344
9,31,0.14424068844965093
9,32,0.16073151434417307
9,33,0.1775397326886176
9,34,0.19425919556290722
9,35,0.21042918468695038
9,36,0.2255617667668884
9,37,0.23917641849357418
9,38,0.2508376421729863
9,39,0.26019008034356106
9,40,0.266985683522185
9,41,0.2710989070088378
9,42,0.2725283214471813
9,43,0.27138566826842997
9,44,0.26787549321198956
9,45,0.26226955433939103
9,46,0.2548801604714833
9,47,0.24603574077569387
9,48,0.23606071719018182
9,49,0.22526054509832333
9,50,0.2139118491867395
9,51,0.20225699358427776
9,52,0.19050215619075184
9,53,0.17881794035480827
9,54,0.16734165900002734
9,55,0.15618059070595336
9,56,0.14541568299127877
9,57,0.13510533661686794
9,58,0.12528903403516384
9,59,0.11599067316792792
9,60,0.10722153772626201
9,61,0.0989828825547544
9,62,0.0912681424625211
9,63,0.08406479052697421
9,64,0.07735588080365466
9,65,0.07112131368270865
9,66,0.06533886191884361
9,67,0.05998499309918703
9,68,0.055035520989218226
9,69,0.05046611444782079
9,70,0.04625268882152023
9,71,0.04237170114293047
9,72,0.03880036718845848
9,73,0.03551681554530861
9,74,0.03250019130532244
9,75,0.02973071982623091
9,76,0.027189739149642157
9,77,0.024859708104138945
9,78,0.02272419581470874
9,79,0.020767857251342
9,80,0.01897639854780463
9,81,0.017336535077542625
9,82,0.01583594466220164
9,83,0.0144632177875723
9,84,0.013207806293304787
9,85,0.012059971670712688
9,86,0.011010733834136463
9,87,0.010051821014543444
9,88,0.00917562125002884
9,89,0.008375135808937917
9,90,0.007643934771057833
9,91,0.006976114905438581
9,92,0.006366259915529548
9,93,0.005809403069864307
9,94,0.005300992196533772
9,95,0.004836856989728936
9,96,0.004413178554720223
9,97,0.004026461102144294
9,98,0.0036735056920635446
9,99,0.0033513859218673872
10,0,0.001
10,1,0.0011997
10,2,0.001439172224973
10,3,0.0017262903325453616
10,4,0.002070465923062462
10,5,0.0024829398073459748
10,6,0.0029771244052506866
10,7,0.0035690044410320683
10,8,0.004277603247893686
10,9,0.0051255216473504
10,10,0.006139555231884513
10,11,0.007351393529065456
10,12,0.008798400374050351
10,13,0.010524468067408461
10,14,0.012580927494155472
10,15,0.01502748098855018
10,16,0.017933102724801732
10,17,0.02137682096906679
10,18,0.025448255831623853
10,19,0.030247733874341695
10,20,0.03588573703045768
10,21,0.0424813704243264
10,22,0.050159459174204744
10,23,0.05904582283304273
10,24,0.0692602528589573
10,25,0.08090677118594504
10,26,0.09406092661596864
10,27,0.10875424611590549
10,28,0.12495654474348951
10,29,0.1425576137633643
10,30,0.16135077059244982
10,31,0.18102166062908176
10,32,0.20114620747605438
10,33,0.22120129370229583
10,34,0.24059027537475855
10,35,0.25868275508375177
10,36,0.27486463570252195
10,37,0.28859134241346884
10,38,0.29943542995878447
10,39,0.3071204287725514
10,40,0.3115357146174268
10,41,0.3127314511367766
10,42,0.31089678332411114
10,43,0.30632718038920664
10,44,0.29938759611969284
10,45,0.29047719317785275
10,46,0.2799995051137749
10,47,0.26833987372769996
10,48,0.25585034046303884
10,49,0.24284110637250922
10,50,0.22957717705681688
10,51,0.21627872608925833
10,52,0.20312387090138
10,53,0.1902528200059731
10,54,0.1777726294602912
10,55,0.16576205210412015
10,56,0.15427615752826807
10,57,0.14335054328551175
10,58,0.13300505592565914
10,59,0.12324700385757068
10,60,0.11407388223255653
10,61,0.10547565082469115
10,62,0.09743661522354358
10,63,0.0899369638538937
10,64,0.08295401135591994
10,65,0.07646319465709911
10,66,0.07043886288951688
10,67,0.06485489691060482
10,68,0.059685189004542234
10,69,0.05490400860043556
10,70,0.050486275637294756
10,71,0.04640775955313118
10,72,0.04264521875140315
10,73,0.03917649275587471
10,74,0.03598055704921149
10,75,0.03303754874454672
10,76,0.030328769708976144
10,77,0.027836672494644304
10,78,0.025544833393709533
10,79,0.023437916080793427
10,80,0.021501628608788216
10,81,0.019722675954311517
10,82,0.018088709845203273
10,83,0.016588277225536362
10,84,0.01521076840812455
10,85,0.013946365717605403
10,86,0.01278599322824146
10,87,0.011721268040878441
10,88,0.01074445341583222
10,89,0.009848413976935172
10,90,0.009026573121703673
10,91,0.00827287270960944
10,92,0.007581735051482765
10,93,0.006948027185470289
10,94,0.0063670273965233315
10,95,0.005834393915313177
10,96,0.00534613571729243
10,97,0.004898585332151017
10,98,0.004488373567176599
10,99,0.004112406044228245
11,0,0.001
11,1,0.001208790909090909
11,2,0.00146106677951019
11,3,0.0017658341315396962
11,4,0.002133941807263115
11,5,0.0025784471787627383
11,6,0.0031150502200805504
11,7,0.0037626057016076154
11,8,0.004543724171468916
11,9,0.005485472135294661
11,10,0.006620180496490238
11,11,0.007986367239541556
11,12,0.009629774630481362
11,13,0.011604511630735666
11,14,0.01397427711092792
11,15,0.016813616665773464
11,16,0.020209132744584715
11,17,0.024260521453549254
11,18,0.02908124683543918
11,19,0.03479858266246596
11,20,0.041552653201906126
11,21,0.04949399343344503
11,22,0.0587790399754002
11,23,0.06956288434196231
11,24,0.08198861673624677
11,25,0.09617272979390246
11,26,0.1121864238589103
11,27,0.13003334493273214
11,28,0.14962534035128522
11,29,0.17075917872587348
11,30,0.1930986125891451
11,31,0.21616719756192232
11,32,0.2393572698144234
11,33,0.261958798954791
11,34,0.2832082497949986
11,35,0.3023526642308034
11,36,0.31871937029480796
11,37,0.33177895546112285
11,38,0.34118985325843854
11,39,0.3468171577958464
11,40,0.348724585408631
11,41,0.34714448971969825
11,42,0.3424345331477716
11,43,0.3350303101382172
11,44,0.32540148572996774
11,45,0.31401611010602837
11,46,0.3013148884404393
11,47,0.2876950382984349
11,48,0.27350214782254845
11,49,0.25902801226093075
11,50,0.24451250252689408
11,51,0.230147851296683
11,52,0.21608414829408992
11,53,0.2024352142880669
11,54,0.1892843292986393
11,55,0.1766895164972929
11,56,0.16468823860666992
11,57,0.15330146352129023
11,58,0.1425371156446275
11,59,0.1323929618267427
11,60,0.12285899546245874
11,61,0.1139193861399433
11,62,0.10555405985183833
11,63,0.09773996919587599
11,64,0.0904521060581267
11,65,0.08366430208542493
11,66,0.07734985541742483
11,67,0.07148201595938244
11,68,0.06603435604612319
11,69,0.060981048682491566
11,70,0.056297071596887294
11,71,0.05195835203751429
11,72,0.04794186449274935
11,73,0.044225691246143575
11,74,0.04078905380803484
11,75,0.037612321733172735
11,76,0.0346770040797827
11,77,0.03196572774141766
11,78,0.029462206047896976
11,79,0.02715120035161278
11,80,0.025018476762377846
11,81,0.023050759744646487
11,82,0.021235683926359637
11,83,0.01956174517328134
11,84,0.018018251743774895
11,85,0.01659527614610679
11,86,0.01528360816506506
11,87,0.014074709399992839
11,88,0.012960669556596563
11,89,0.011934164655459512
11,90,0.010988417257289397
11,91,0.010117158755460435
11,92,0.009314593747846605
11,93,0.008575366470216138
11,94,0.007894529250877004
11,95,0.007267512929446982
11,96,0.0066900991704398425
11,97,0.006158394593887822
11,98,0.005668806639705908
11,99,0.005218021079330125
12,0,0.001
12,1,0.0012163666666666667
12,2,0.0014794385042507779
12,3,0.0017992449175641
12,4,0.0021879438902208887
12,5,0.0026602616986970327
12,6,0.003234017666357735
12,7,0.003930747576198974
12,8,0.004776440097232563
12,9,0.005802400487303585
12,10,0.00704625431994154
12,11,0.008553100166716246
12,12,0.010376812786295821
12,13,0.012581485658128987
12,14,0.015242981252450594
12,15,0.018450526120139785
12,16,0.02230824185415113
12,17,0.026936437838055296
12,18,0.03247240319484934
12,19,0.03907032071810634
12,20,0.04689978610217107
12,21,0.0561422610645384
12,22,0.06698464305037055
12,23,0.0796090435955923
12,24,0.09417790861566593
12,25,0.11081389607185921
12,26,0.12957458020653945
12,27,0.1504231908683522
12,28,0.17319824284583898
12,29,0.19758688070083957
12,30,0.22310856121681166
12,31,0.2491164827839766
12,32,0.2748229649367468
12,33,0.29935112194487434
12,34,0.3218089620073325
12,35,0.34137514105406697
12,36,0.3573806939571534
12,37,0.36937063081871413
12,38,0.3771340563693679
12,39,0.38069974170602383
12,40,0.3803025318975567
12,41,0.37633152760213584
12,42,0.36927231574974356
12,43,0.3596533313982384
12,44,0.3480025064818382
12,45,0.3348164537116175
12,46,0.3205415775917695
12,47,0.30556495235481457
12,48,0.2902123208975949
12,49,0.27475074730443716
12,50,0.25939393870134964
12,51,0.24430879938687408
12,52,0.22962226542038633
12,53,0.21542784512324784
12,54,0.20179155896298123
12,55,0.18875714916770364
12,56,0.1763505380897861
12,57,0.16458357564886741
12,58,0.15345714653378287
12,59,0.14296371906823865
12,60,0.13308941778799263
12,61,0.12381569603950054
12,62,0.11512067650577437
12,63,0.10698021838443648
12,64,0.09936876102726176
12,65,0.09225998571802721
12,66,0.08562733012393782
12,67,0.07944438383779938
12,68,0.0736851882741637
12,69,0.06832445989145505
12,70,0.0633377521685391
12,71,0.05870156885507808
12,72,0.05439343863653708
12,73,0.05039195941563334
12,74,0.046676818834265284
12,75,0.043228796377866516
12,76,0.0400297513631749
12,77,0.037062600265686446
12,78,0.0343112861578228
12,79,0.03176074247311338
12,80,0.02939685286111503
12,81,0.027206408532586608
12,82,0.025177064198565538
12,83,0.02329729346745541
12,84,0.021556344370487198
12,85,0.01994419552941038
12,86,0.0184515133540645
12,87,0.017069610555938683
12,88,0.015790406182363333
12,89,0.01460638731086361
12,90,0.013510572491400488
12,91,0.012496476983253553
12,92,0.011558079801138516
12,93,0.010689792560149583
12,94,0.009886430089922287
12,95,0.009143182773921888
12,96,0.008455590559072575
12,97,0.007819518573313946
12,98,0.007231134283498638
12,99,0.0066868861228333845
13,0,0.001
13,1,0.0012227769230769231
13,2,0.0014950734637363136
13,3,0.00182784258882982
13,4,0.0022344329642727816
13,5,0.0027310996303506726
13,6,0.0033376169155852
13,7,0.00407801072665318
13,8,0.004981428474348056
13,9,0.00608316502195415
13,10,0.007425861407280073
13,11,0.009060888546721524
13,12,0.011049919008228458
13,13,0.013466673872658338
13,14,0.016398805444269488
13,15,0.019949835852702835
13,16,0.024241011110708498
13,17,0.02941284393515279
13,18,0.03562600081622366
13,19,0.04306103595411274
13,20,0.05191628948213234
13,21,0.06240306516199408
13,22,0.07473702072944548
13,23,0.08912461306234429
13,24,0.10574355488320625
13,25,0.12471671864371792
13,26,0.14607994556616244
13,27,0.16974591410375062
13,28,0.1954685476038024
13,29,0.2228150068609138
13,30,0.25115425584987316
13,31,0.2796712355153453
13,32,0.30741258704230834
13,33,0.33336324063311734
13,34,0.3565443315386023
13,35,0.37611494599592454
13,36,0.39145689209007223
13,37,0.40222525215508736
13,38,0.4083568905556885
13,39,0.4100404142405788
13,40,0.4076597194511208
13,41,0.40172653267437164
13,42,0.3928154994176424
13,43,0.38151060666178815
13,44,0.36836655658697987
13,45,0.3538847697057634
13,46,0.3385014861598227
13,47,0.32258469282702035
13,48,0.3064367888066514
13,49,0.29030051230703885
13,50,0.27436635248104585
13,51,0.25878028723435864
13,52,0.24365116178105525
13,53,0.2290573533477495
13,54,0.21505258094377447
13,55,0.20167084683572728
13,56,0.1889305658853373
13,57,0.17683797135815912
13,58,0.16538989604218385
13,59,0.1545760253544576
13,60,0.1443807107354944
13,61,0.13478442073087338
13,62,0.12576489582620576
13,63,0.11729806242690631
13,64,0.10935875185335293
13,65,0.10192126201077138
13,66,0.09495979246520433
13,67,0.08844877789778746
13,68,0.08236314017062507
13,69,0.07667847536538695
13,70,0.07137118900689618
13,71,0.06641859013143601
13,72,0.061798952794481596
13,73,0.05749155194385787
13,74,0.05347667923658777
13,75,0.04973564328928282
13,76,0.04625075797275722
13,77,0.0430053216511072
13,78,0.03998358969112314
13,79,0.03717074210329378
13,80,0.0345528477996698
13,81,0.032116826649465864
13,82,0.029850410266814308
13,83,0.027742102265522196
13,84,0.025781138554150054
13,85,0.02395744811406222
13,86,0.02226161459750798
13,87,0.020684838997597356
13,88,0.019218903573440298
13,89,0.017856137158643818
13,90,0.016589381937304554
13,91,0.015411961736556585
13,92,0.01431765185697494
13,93,0.013300650440337921
13,94,0.012355551357308207
13,95,0.011477318584596963
13,96,0.01066126203138461
13,97,0.00990301476757805
13,98,0.009198511601388404
13,99,0.008543968950306341
14,0,0.001
14,1,0.0012282714285714285
14,2,0.0015085402683607551
14,3,0.00185259473363843
14,4,0.0022748669806315755
14,5,0.002793011602639274
14,6,0.003428603301808426
14,7,0.004207974468843141
14,8,0.005163214952873802
14,9,0.006333356695238481
14,10,0.007765764188319854
14,11,0.009517746471431431
14,12,0.01165839547888518
14,13,0.014270635989902636
14,14,0.01745344001813219
14,15,0.021324107685896265
14,16,0.026020440549920854
14,17,0.031702524138701726
14,18,0.03855368667908862
14,19,0.04678000651296971
14,20,0.05660750624103153
14,21,0.06827591979487374
14,22,0.0820277031115903
14,23,0.09809088039991157
14,24,0.11665453613793234
14,25,0.13783649341716117
14,26,0.16164418959590152
14,27,0.18793209939427696
14,28,0.21636210306132414
14,29,0.2463762745761059
14,30,0.277193354472891
14,31,0.3078389497730891
14,32,0.3372139304849503
14,33,0.36419582214502
14,34,0.3877569560473164
14,35,0.40707541477496073
14,36,0.4216146973001489
14,37,0.4311565147924229
14,38,0.4357847469697134
14,39,0.4358313418352158
14,40,0.43180194976711483
14,41,0.42429907709439485
14,42,0.4139556143982429
14,43,0.40138508713352317
14,44,0.3871494964505499
14,45,0.3717422631166891
14,46,0.3555824448520852
14,47,0.3390164099066218
14,48,0.3223238306479428
14,49,0.3057257240886271
14,50,0.2893930505798748
14,51,0.27345498946305924
14,52,0.25800643451762445
14,53,0.24311452442845735
14,54,0.22882418497262338
14,55,0.21516274645711478
14,56,0.20214373978585357
14,57,0.18976998665314146
14,58,0.17803609631748354
14,59,0.16693047097413657
14,60,0.15643690847603114
14,61,0.14653587756648792
14,62,0.13720552815337725
14,63,0.1284224880158547
14,64,0.12016248783084406
14,65,0.11240084846794407
14,66,0.10511285796439497
14,67,0.09827406026043344
14,68,0.09186047345554844
14,69,0.0858487518608227
14,70,0.08021630331797565
14,71,0.07494137100230405
14,72,0.07000308711727467
14,73,0.06538150443558793
14,74,0.06105761047433986
14,75,0.05701332815355042
14,76,0.05323150603220872
14,77,0.0496959006076675
14,78,0.046391152673612594
14,79,0.04330275933572181
14,80,0.04041704296398257
14,81,0.03772111810165528
14,82,0.035202857141210665
14,83,0.032850855407752656
14,84,0.03065439615285719
14,85,0.028603415850298887
14,86,0.026688470094880512
14,87,0.024900700332554357
14,88,0.023231801591021516
14,89,0.02167399133241584
14,90,0.02021997951141609
14,91,0.01886293989146844
14,92,0.017596482647346957
14,93,0.016414628262893027
14,94,0.015311782717526718
14,95,0.01428271394325233
14,96,0.013322529524763739
14,97,0.012426655608381403
14,98,0.011590816980502123
14,99,0.010811018272670052
15,0,0.001
15,1,0.0012330333333333333
15,2,0.001520260339084111
15,3,0.0018742264982472422
15,4,0.0023103515065657815
15,5,0.002847572176545206
15,6,0.0035091210109649824
15,7,0.004323464785889802
15,8,0.0053254294906478605
15,9,0.006557538665271218
15,10,0.008071590423315225
15,11,0.009930492519264313
15,12,0.01221036213994613
15,13,0.015002873952573307
15,14,0.018417801150838208
15,15,0.022585632904914978
15,16,0.027660059099291007
15,17,0.03381997972415516
15,18,0.04127051257296204
15,19,0.050242234344332545
15,20,0.06098760415724755
15,21,0.07377321634060496
15,22,0.0888662843246928
15,23,0.10651370483307777
15,24,0.12691240317322217
15,25,0.15017069322862042
15,26,0.17626237218895702
15,27,0.204978313925174
15,28,0.2358840960744385
15,29,0.2682956469629346
15,30,0.3012861958751908
15,31,0.3337348207447191
15,32,0.3644184087594863
15,33,0.39213616510432103
15,34,0.41584336785797127
15,35,0.4347649371047485
15,36,0.448463656649346
15,37,0.45685146121956577
15,38,0.46014892666068535
15,39,0.45881060082376124
15,40,0.45343795477137927
15,41,0.4446982277808489
15,42,0.43326005467972833
15,43,0.41974939662473
15,44,0.4047241653189459
15,45,0.38866344074150555
15,46,0.37196669131052046
15,47,0.35495901757995335
15,48,0.3378994462424393
15,49,0.320990286286596
15,50,0.30438634833525713
15,51,0.2882033884701778
15,52,0.27252550109184154
15,53,0.25741140205802693
15,54,0.24289966079187822
15,55,0.22901299498382283
15,56,0.21576175963329894
15,57,0.20314676022751676
15,58,0.19116150813040667
15,59,0.17979402074794204
15,60,0.16902825301975652
15,61,0.15884523189421051
15,62,0.14922395236136385
15,63,0.1401420825148925
15,64,0.1315765158969046
15,65,0.12350380183990264
15,66,0.11590047841279075
15,67,0.10874332766277545
15,68,0.10200956890591213
15,69,0.09567700266993386
15,70,0.08972411537857004
15,71,0.08413015285959047
15,72,0.07887516915636364
15,73,0.07394005584223111
15,74,0.06930655601260681
15,75,0.06495726630906153
15,76,0.06087562967122025
15,77,0.057045920983174146
15,78,0.053453227355210915
15,79,0.05008342443832008
15,80,0.04692314989172287
15,81,0.04395977489956505
15,82,0.0411813744515116
15,83,0.038576696955009725
15,84,0.03613513362782041
15,85,0.03384668802275476
15,86,0.0317019459581315
15,87,0.029692046063869687
15,88,0.02780865110158438
15,89,0.026043920175327504
15,90,0.024390481915904712
15,91,0.02284140869453186
15,92,0.021390191899778085
15,93,0.020030718294302835
15,94,0.018757247454036372
15,95,0.01756439028152743
15,96,0.0164470885766546
15,97,0.015400595641332759
15,98,0.014420457889882967
15,99,0.013502497433078409
16,0,0.001
16,1,0.0012372
16,2,0.001530552603348
16,3,0.0018932918664063365
16,4,0.0023417395661624483
16,5,0.002896009026895674
16,6,0.0035808605577705823
16,7,0.004426736414199476
16,8,0.0054710056838011
16,9,0.0067594505196085725
16,10,0.008348023382864559
16,11,0.010304898379465915
16,12,0.012712825323487519
16,13,0.01567176839781376
16,14,0.019301765979251928
16,15,0.023745876012682694
16,16,0.029172961776613434
16,17,0.03577991409739771
16,18,0.0437926870394484
16,19,0.053465239787944485
16,20,0.06507513834490956
16,21,0.07891421856722498
16,22,0.09527244245697049
16,23,0.11441306692560282
16,24,0.13653775736331336
16,25,0.1617416584907825
16,26,0.18996099262474148
16,27,0.22091954238557487
16,28,0.2540848370062804
16,29,0.28864851341939385
16,30,0.32354578309122617
16,31,0.35752375133494096
16,32,0.38925670963517184
16,33,0.4174911200689685
16,34,0.44119011982968476
16,35,0.4596440526028335
16,36,0.4725228770588981
16,37,0.47986453696938064
16,38,0.4820118589803991
16,39,0.47952139708028724
16,40,0.47306829059476
16,41,0.46336448470370445
16,42,0.4510985905955577
16,43,0.43689814732170273
16,44,0.4213106461942286
16,45,0.40479811508297864
16,46,0.3877403031648642
16,47,0.370442556552593
16,48,0.3531456721357119
16,49,0.3360360397586888
16,50,0.31925513528624394
16,51,0.30290792635198444
16,52,0.2870700561030219
16,53,0.27179383844516547
16,54,0.2571131801906022
16,55,0.24304757612636047
16,56,0.22960532538704004
16,57,0.21678610585229272
16,58,0.2045830258936254
16,59,0.19298425420818344
16,60,0.18197431097938285
16,61,0.1715350881755151
16,62,0.16164665370934825
16,63,0.15228788334775434
16,64,0.1434369554349756
16,65,0.13507173637988285
16,66,0.12717007916411444
16,67,0.11971005259096848
16,68,0.11267011538875028
16,69,0.10602924641950286
16,70,0.09976703997198881
16,71,0.09386377331368888
16,72,0.08830045224260179
16,73,0.08305883923824144
16,74,0.07812146790120968
16,75,0.07347164664383136
16,76,0.0690934540125858
16,77,0.06497172755654294
16,78,0.06109204778114646
16,79,0.05744071842488533
16,80,0.054004744052970774
16,81,0.05077180576545691
16,82,0.047730235658086595
16,83,0.04486899054517408
16,84,0.04217762534920889
16,85,0.03964626647691176
16,86,0.03726558543245379
16,87,0.0350267728624629
16,88,0.0329215131818708
16,89,0.030941959892649917
16,90,0.029080711677476036
16,91,0.02733078932605194
16,92,0.02568561353220021
16,93,0.024138983584035094
16,94,0.02268505695686338
16,95,0.02131832980837844
16,96,0.020033618367737746
16,97,0.018826041203872875
16,98,0.01769100235356056
16,99,0.016624175286126856
17,0,0.001
17,1,0.0012408764705882352
17,2,0.001539662848056045
17,3,0.0019102212453594649
17,4,0.0023696995386220795
17,5,0.0029392926894125843
17,6,0.003645170998791063
17,7,0.004519606717371578
17,8,0.0056023334140512734
17,9,0.006942173876306674
17,10,0.008598970574052813
17,11,0.010645845522556794
17,12,0.013171800184686566
17,13,0.016284635674688554
17,14,0.0201141216547358
17,15,0.024815259115947
17,16,0.03057135531870852
17,17,0.03759644450218158
17,18,0.046136332733350396
17,19,0.05646721417952881
17,20,0.06889041339928052
17,21,0.08372140737706187
17,22,0.10127099223199415
17,23,0.12181650019156175
17,24,0.14556167249508362
17,25,0.17258555979459744
17,26,0.20278399267446462
17,27,0.23581171224070505
17,28,0.27103834501370216
17,29,0.3075350685278857
17,30,0.3441081097239078
17,31,0.379387502923181
17,32,0.41196468871971953
17,33,0.4405548781624588
17,34,0.4641477328370772
17,35,0.48211035942679287
17,36,0.4942212634415977
17,37,0.500636010381407
17,38,0.5018042587097519
17,39,0.4983660468403224
17,40,0.4910522236048206
17,41,0.48060452139052523
17,42,0.46772073021783056
17,43,0.4530232663809317
17,44,0.43704593094294797
17,45,0.4202329608810123
17,46,0.40294530951030216
17,47,0.3854704430255725
17,48,0.36803323399485993
17,49,0.35080654288246343
17,50,0.33392077505178014
17,51,0.31747213699685845
17,52,0.30152956511892604
17,53,0.28614042794303335
17,54,0.27133515637542677
17,55,0.25713096878814845
17,56,0.24353484864267155
17,57,0.23054591397022298
17,58,0.21815729692687208
17,59,0.20635763121989098
17,60,0.19513222697627342
17,61,0.18446399709091746
17,62,0.17433418622522684
17,63,0.1647229431634935
17,64,0.1556097688278088
17,65,0.1469738655512861
17,66,0.13879440789464265
17,67,0.13105075108825812
17,68,0.12372258986288064
17,69,0.11679007781212061
17,70,0.11023391536057023
17,71,0.10403541277526318
17,72,0.09817653336257914
17,73,0.09263992096483177
17,74,0.08740891505363593
17,75,0.08246755606609144
17,76,0.07780058310990032
17,77,0.07339342574737748
17,78,0.06923219123444584
17,79,0.06530364832225688
17,80,0.0615952085127641
17,81,0.058094905484921744
17,82,0.05479137326689859
17,83,0.051673823615215955
17,84,0.04873202296881901
17,85,0.045956269270609085
17,86,0.04333736888757613
17,87,0.040866613810710564
17,88,0.03853575927520138
17,89,0.0363370019083187
17,90,0.03426295848544143
17,91,0.03230664535279683
17,92,0.030461458557714007
17,93,0.0287211547128133
17,94,0.027079832608950825
17,95,0.025531915582417086
17,96,0.024072134634443517
17,97,0.022695512295168422
17,98,0.0213973472195799
17,99,0.02017319949936251
18,0,0.001
18,1,0.0012441444444444443
18,2,0.0015477835376149752
18,3,0.0019253540435932787
18,4,0.0023947623666157936
18,5,0.002978200064664647
18,6,0.003703140967376228
18,7,0.00460355474896225
18,8,0.005721375281148515
18,9,0.007108263823107431
18,10,0.0088277054063871
18,11,0.010957468989546066
18,12,0.013592444053693956
18,13,0.016847832347569845
18,14,0.02086261505401108
18,15,0.025803121372415055
18,16,0.03186638004732967
18,17,0.039282724497621976
18,18,0.048316830265898045
18,19,0.05926598516454198
18,20,0.07245394625071562
18,21,0.08821828984763444
18,22,0.10688885843181868
18,23,0.12875501474052306
18,24,0.15402032291545054
18,25,0.18274545983492782
18,26,0.2147839743639548
18,27,0.24972081993533768
18,28,0.2868292353667868
18,29,0.32506502598307235
18,30,0.3631151365578391
18,31,0.3995069202912583
18,32,0.43276651281865625
18,33,0.4615953748475231
18,34,0.4850231150752409
18,35,0.5024995974317256
18,36,0.5139091541266209
18,37,0.519514743286921
18,38,0.5198580978730706
18,39,0.5156468982507676
18,40,0.5076535395180789
18,41,0.4966386149121514
18,42,0.4833018142860717
18,43,0.4682564328315276
18,44,0.4520211294719752
18,45,0.4350226470035694
18,46,0.41760449468594063
18,47,0.4000381384000255
18,48,0.38253457178440586
18,49,0.3652551114325411
18,50,0.3483208927579972
18,51,0.3318209199812581
18,52,0.3158187263467104
18,53,0.3003577948099867
18,54,0.28546592089298783
18,55,0.27115869759314865
18,56,0.2574422848088427
18,57,0.24431560266399957
18,58,0.2317720646089232
18,59,0.21980094470440212
18,60,0.20838845499439604
18,61,0.1975185934742886
18,62,0.1871738106263429
18,63,0.1773355324349826
18,64,0.16798456979798523
18,65,0.15910143793057283
18,66,0.15066660438366083
18,67,0.14266068038681876
18,68,0.13506456715463322
18,69,0.12785956638136253
18,70,0.12102746225007269
18,71,0.11455058078659586
18,72,0.10841183120789932
18,73,0.10259473298036985
18,74,0.09708343156281139
18,75,0.09186270522012244
18,76,0.08691796482432651
18,77,0.08223524818464642
18,78,0.07780121014792638
18,79,0.07360310946947955
18,80,0.0696287932602578
18,81,0.06586667965957521
18,82,0.06230573925595069
18,83,0.05893547567602223
18,84,0.055745905678211895
18,85,0.052727539020136445
18,86,0.049871358313673994
18,87,0.04716879903671948
18,88,0.04461172983407457
18,89,0.042192433210076805
18,90,0.03990358669123575
18,91,0.037738244517303905
18,92,0.03568981990305283
18,93,0.03375206789988685
18,94,0.031919068875768904
18,95,0.03018521262331447
18,96,0.02854518309896914
18,97,0.02699394379062823
18,98,0.02552672370663869
18,99,0.024139003975645428
19,0,0.001
19,1,0.0012470684210526316
19,2,0.0015550675228649669
19,3,0.001938961476287312
19,4,0.0024173550405955386
19,5,0.003013360127902211
19,6,0.0037556579889943533
19,7,0.004679795198710705
19,8,0.0058297555896958675
19,9,0.007259852385224821
19,10,0.009036983143201156
19,11,0.011243281784110826
19,12,0.01397918240702354
19,13,0.017366872102030435
19,14,0.02155404501331784
19,15,0.02671776457702403
19,16,0.03306807881881115
19,17,0.04085079640712623
19,18,0.050348502372152354
19,19,0.06187846674935079
19,20,0.07578560012585826
19,21,0.0924281172160497
19,22,0.11215325910263015
19,23,0.13526060858918482
19,24,0.16195167121952467
19,25,0.19226702051144623
19,26,0.2260167835003024
19,27,0.26271629675004887
19,28,0.3015448795899151
19,29,0.34134877393957846
19,30,0.3807054335457855
19,31,0.41805293455853726
19,32,0.451867310875495
19,33,0.4808501910280496
19,34,0.5040803687205413
19,35,0.5210926826757856
19,36,0.53187218911013
19,37,0.5367785613642018
19,38,0.536432246238143
19,39,0.5315953817244725
19,40,0.5230709026029358
19,41,0.5116303373340361
19,42,0.4979704390334725
19,43,0.48269311949626315
19,44,0.4663015056278402
19,45,0.44920565626937237
19,46,0.4317331053092447
19,47,0.41414105751887226
19,48,0.3966283858968137
19,49,0.3793464942042198
19,50,0.36240867888938455
19,51,0.3458979476026496
19,52,0.3298734140812528
19,53,0.31437545592213845
19,54,0.2994298356334047
19,55,0.2850509728561731
19,56,0.2712445320890377
19,57,0.258009463898489
19,58,0.24533961254998415
19,59,0.23322498097731734
19,60,0.22165272550095416
19,61,0.2106079375726695
19,62,0.2000742576665001
19,63,0.19003435678132272
19,64,0.18047031340960146
19,65,0.1713639078544683
19,66,0.16269685110230467
19,67,0.15445096180227955
19,68,0.14660830204543215
19,69,0.13915128039820415
19,70,0.13206272889126236
19,71,0.12532595928683654
19,72,0.11892480286340469
19,73,0.11284363710086523
19,74,0.10706740197233064
19,75,0.10158160801159015
19,76,0.0963723378980219
19,77,0.0914262429598927
19,78,0.08673053572433903
19,79,0.08227297942364793
19,80,0.07804187519161389
19,81,0.07402604754199762
19,82,0.07021482860657798
19,83,0.06659804151754116
19,84,0.06316598324369734
19,85,0.05990940712884245
19,86,0.056819505330780624
19,87,0.05388789131892037
19,88,0.051106582555222616
19,89,0.048467983456215745
19,90,0.04596486871168082
19,91,0.0435903670175428
19,92,0.04133794526574719
19,93,0.03920139322186071
19,94,0.03717480871132469
19,95,0.03525258332731528
19,96,0.0334293886667023
19,97,0.03170016309538301
19,98,0.03006009904008136
19,99,0.028504630800367216
20,0,0.001
20,1,0.0012496999999999999
20,2,0.0015616377294729999
20,3,0.0019512628498758158
20,4,0.0024378247805061804
20,5,0.003045287355577203
20,6,0.0038034524721732113
20,7,0.004749334126996657
20,8,0.00592882870364374
20,9,0.007398729847950147
20,10,0.00922913470568305
20,11,0.011506279431124389
20,12,0.014335820688784985
20,13,0.017846538908464896
20,14,0.022194367665715573
20,15,0.027566537268811635
20,16,0.034185441107607094
20,17,0.04231156989704821
20,18,0.05224449341791751
20,19,0.06432039668586939
20,20,0.07890412604098647
20,21,0.09637316519993638
20,22,0.11709064802114057
20,23,0.14136478598028798
20,24,0.16939347126566762
20,25,0.20119590435089213
20,26,0.236538245743609
20,27,0.27486706752514645
20,28,0.31527087037142565
20,29,0.356492482481213
20,30,0.3970093794104954
20,31,0.43518255582560983
20,32,0.46945088933401563
20,33,0.49852703110293306
20,34,0.5215449649647302
20,35,0.5381241500756782
20,36,0.5483440272130711
20,37,0.5526506368707943
20,38,0.5517314146694562
20,39,0.5463921497719209
20,40,0.5374578285104444
20,41,0.5257052018363093
20,42,0.5118249300943812
20,43,0.49640638651966085
20,44,0.47993738266327163
20,45,0.46281232941619244
20,46,0.44534422139897534
20,47,0.427777553403874
20,48,0.4103005691540854
20,49,0.39305609687214427
20,50,0.3761507367865337
20,51,0.3596624409738224
20,52,0.34364665453013166
20,53,0.328141231366266
20,54,0.3131703378302924
20,55,0.29874753664408854
20,56,0.28487821554437487
20,57,0.27156149638792565
20,58,0.2587917344707302
20,59,0.2465596955683386
20,60,0.23485347985381141
20,61,0.2236592470474917
20,62,0.212961785385672
20,63,0.2027449577283388
20,64,0.19299205087119745
20,65,0.18368604846679212
20,66,0.17480984355061516
20,67,0.16634640323523636
20,68,0.15827889546103185
20,69,0.1505907856057979
20,70,0.14326590912508322
20,71,0.13628852511804113
20,72,0.12964335471088712
20,73,0.12331560736059993
20,74,0.11729099755820922
20,75,0.11155575391747174
20,76,0.10609662224279306
20,77,0.10090086385807548
20,78,0.0959562502288116
20,79,0.09125105470999206
20,80,0.08677404209194471
20,81,0.08251445648699998
20,82,0.07846200799554126
20,83,0.07460685850555862
20,84,0.07093960691133389
20,85,0.0674512739812193
20,86,0.06413328705914764
20,87,0.06097746474754752
20,88,0.05797600168915215
20,89,0.0551214535405122
20,90,0.052406722209833764
20,91,0.049825041415237664
20,92,0.0473699626060097
20,93,0.045035341278344805
20,94,0.04281532370804069
20,95,0.04070433411521265
20,96,0.03869706227008665
20,97,0.03678845154404512
20,98,0.03497368740615055
20,99,0.033248186362196425
